﻿{"cameraMode":{"drawMode":0,"name":"Shaded","section":"Shading Mode"},"sceneLighting":true,"audioPlay":false,"sceneViewState":{"showFog":true,"showMaterialUpdate":false,"showSkybox":true,"showFlares":true,"showImageEffects":true,"showParticleSystems":true},"in2DMode":false,"pivot":{"x":22.4332332611084,"y":53.55891799926758,"z":101.53279876708985},"rotation":{"x":0.14847427606582642,"y":0.6746543049812317,"z":-0.14125868678092957,"w":0.7091141939163208},"size":28.8680419921875,"orthographic":false}