﻿{"cameraMode":{"drawMode":0,"name":"Shaded","section":"Shading Mode"},"sceneLighting":false,"audioPlay":false,"sceneViewState":{"showFog":true,"showMaterialUpdate":false,"showSkybox":true,"showFlares":true,"showImageEffects":true,"showParticleSystems":true},"in2DMode":false,"pivot":{"x":0.3600006103515625,"y":-0.04999999701976776,"z":0.0},"rotation":{"x":0.14883814752101899,"y":-0.35964053869247439,"z":0.058226995170116428,"w":0.9193016290664673},"size":7.317221641540527,"orthographic":false}