﻿{"cameraMode":{"drawMode":0,"name":"Shaded","section":"Shading Mode"},"sceneLighting":true,"audioPlay":false,"sceneViewState":{"showFog":true,"showMaterialUpdate":false,"showSkybox":true,"showFlares":true,"showImageEffects":true,"showParticleSystems":true},"in2DMode":false,"pivot":{"x":-0.6000219583511353,"y":-35.6700553894043,"z":54.333858489990237},"rotation":{"x":-0.28546440601348879,"y":-0.012940517626702786,"z":0.0038550083991140129,"w":-0.9582942128181458},"size":98.33524322509766,"orthographic":false}