﻿{"cameraMode":{"drawMode":0,"name":"Shaded","section":"Shading Mode"},"sceneLighting":false,"audioPlay":false,"sceneViewState":{"showFog":true,"showMaterialUpdate":false,"showSkybox":true,"showFlares":true,"showImageEffects":true,"showParticleSystems":true},"in2DMode":false,"pivot":{"x":33.94914245605469,"y":55.08033752441406,"z":102.7555923461914},"rotation":{"x":0.04567598178982735,"y":-0.895101010799408,"z":0.0943417176604271,"w":0.4333677887916565},"size":93.51345825195313,"orthographic":false}