﻿{"cameraMode":{"drawMode":0,"name":"Shaded","section":"Shading Mode"},"sceneLighting":false,"audioPlay":false,"sceneViewState":{"showFog":true,"showMaterialUpdate":false,"showSkybox":true,"showFlares":true,"showImageEffects":true,"showParticleSystems":true},"in2DMode":false,"pivot":{"x":-0.36000001430511477,"y":0.5799999237060547,"z":0.0},"rotation":{"x":0.11467783898115158,"y":-0.18601252138614655,"z":0.02186531573534012,"w":0.9755871295928955},"size":13.910521507263184,"orthographic":false}